source_sheet,source_row,target_year,jenis,nama_paket_source,sub_source,effective_pagu,existing_id,target_anggaran_id,package_action,road_match_status,matched_spasial_ref,matched_spasial_nama,match_score,match_method,second_best_score,notes,database_status
REKONSILIASI_APBDP_2026,9,2027,PLANNING,Survey Kondisi Jalan Wilayah   Kec. Loksado dan Kec. Padang Batung,0043 – Survey Kondisi   Jalan/Jembatan,100000000,5f69b61b-214a-4c95-9406-596855498c4b,54099cdb-8ede-48aa-96ae-fa6357443d68,EXISTING,SKIPPED_NON_ROAD,,,,,,"Existing ID workbook tidak ditemukan, tetapi satu paket existing cocok berdasarkan tahun, nama, sub kegiatan, dan pagu.; Paket bersifat studi/dokumen umum dan tidak memiliki identitas ruas yang aman.",AVAILABLE
REKONSILIASI_APBDP_2026,10,2027,PLANNING,Survey Kondisi Jalan Wilayah   Kec. Telaga Langsat dan Kec. Angkinang,0043 – Survey Kondisi   Jalan/Jembatan,100000000,bf72b418-0b76-45aa-b153-409cce265460,6d8d6f3f-d8cd-459a-9178-866f6b28c77a,EXISTING,SKIPPED_NON_ROAD,,,,,,"Existing ID workbook tidak ditemukan, tetapi satu paket existing cocok berdasarkan tahun, nama, sub kegiatan, dan pagu.; Paket bersifat studi/dokumen umum dan tidak memiliki identitas ruas yang aman.",AVAILABLE
REKONSILIASI_APBDP_2026,11,2027,PLANNING,Survey Kondisi Jalan Wilayah   Kec. Kalumpang dan Kec. Simpur,0043 – Survey Kondisi   Jalan/Jembatan,100000000,d56a8079-6422-4548-b57b-2d67e723f8a8,58c394f9-fea0-4592-a4f7-626a156ba372,EXISTING,SKIPPED_NON_ROAD,,,,,,"Existing ID workbook tidak ditemukan, tetapi satu paket existing cocok berdasarkan tahun, nama, sub kegiatan, dan pagu.; Paket bersifat studi/dokumen umum dan tidak memiliki identitas ruas yang aman.",AVAILABLE
REKONSILIASI_APBDP_2026,12,2027,PLANNING,Survey Kondisi Jalan Wilayah   Kec. Kandangan dan Kec. Sungai Raya,0043 – Survey Kondisi   Jalan/Jembatan,100000000,752d74bd-9d35-4664-b869-62b7c5599461,accf9ae1-a4a3-4d44-af8d-37f7a411d992,EXISTING,SKIPPED_NON_ROAD,,,,,,"Existing ID workbook tidak ditemukan, tetapi satu paket existing cocok berdasarkan tahun, nama, sub kegiatan, dan pagu.; Paket bersifat studi/dokumen umum dan tidak memiliki identitas ruas yang aman.",AVAILABLE
REKONSILIASI_APBDP_2026,13,2027,PLANNING,"Survey Kondisi Jalan Wilayah   Kec. Daha Selatan, Daha Utara dan Daha Barat",0043 – Survey Kondisi   Jalan/Jembatan,100000000,1cf68d98-523a-4f89-aada-968124e45e86,,REVIEW,SKIPPED_NON_ROAD,,,,,,Existing ID dari workbook tidak ditemukan dan tidak ada satu kandidat pengganti yang aman.; Paket bersifat studi/dokumen umum dan tidak memiliki identitas ruas yang aman.,AVAILABLE
REKONSILIASI_APBDP_2026,14,2027,PLANNING,Survey Kondisi Jembatan Wilayah   Kec. Loksado dan Kec. Padang Batung,0043 – Survey Kondisi   Jalan/Jembatan,100000000,0b3173da-9610-4545-a725-ebba7df6f8cc,0a8f31c8-bec9-4dc9-84dd-e254fb4855ac,EXISTING,SKIPPED_NON_ROAD,,,,,,"Existing ID workbook tidak ditemukan, tetapi satu paket existing cocok berdasarkan tahun, nama, sub kegiatan, dan pagu.; Paket jembatan diarahkan ke layer jembatan, bukan polyline jalan.",AVAILABLE
REKONSILIASI_APBDP_2026,15,2027,PLANNING,Survey Kondisi Jembatan Wilayah   Kec. Telaga Langsat dan Kec. Angkinang,0043 – Survey Kondisi   Jalan/Jembatan,100000000,ae9d33e3-e6f7-410c-92f0-82d1425671ca,8351748a-a7c4-47f5-9012-54b1698766e3,EXISTING,SKIPPED_NON_ROAD,,,,,,"Existing ID workbook tidak ditemukan, tetapi satu paket existing cocok berdasarkan tahun, nama, sub kegiatan, dan pagu.; Paket jembatan diarahkan ke layer jembatan, bukan polyline jalan.",AVAILABLE
REKONSILIASI_APBDP_2026,16,2027,PLANNING,Survey Kondisi Jembatan Wilayah   Kec. Kalumpang dan Kec. Simpur,0043 – Survey Kondisi   Jalan/Jembatan,100000000,9763f087-6a64-4251-b05e-9a688e194b11,91fdfa90-02a7-4d82-8ff8-98b055da4129,EXISTING,SKIPPED_NON_ROAD,,,,,,"Existing ID workbook tidak ditemukan, tetapi satu paket existing cocok berdasarkan tahun, nama, sub kegiatan, dan pagu.; Paket jembatan diarahkan ke layer jembatan, bukan polyline jalan.",AVAILABLE
REKONSILIASI_APBDP_2026,17,2027,PLANNING,Survey Kondisi Jembatan Wilayah   Kec. Kandangan dan Kec. Sungai Raya,0043 – Survey Kondisi   Jalan/Jembatan,100000000,0b5c6777-50c7-439a-8a61-09470a86a0fb,84356f59-46fb-497b-bfff-8af6c6b80872,EXISTING,SKIPPED_NON_ROAD,,,,,,"Existing ID workbook tidak ditemukan, tetapi satu paket existing cocok berdasarkan tahun, nama, sub kegiatan, dan pagu.; Paket jembatan diarahkan ke layer jembatan, bukan polyline jalan.",AVAILABLE
REKONSILIASI_APBDP_2026,18,2027,PLANNING,"Survey Kondisi Jembatan Wilayah   Kec. Daha Selatan, Daha Utara dan Daha Barat",0043 – Survey Kondisi   Jalan/Jembatan,100000000,8a00dcd5-80f3-465c-b977-0f45db474e4c,,REVIEW,SKIPPED_NON_ROAD,,,,,,"Existing ID dari workbook tidak ditemukan dan tidak ada satu kandidat pengganti yang aman.; Paket jembatan diarahkan ke layer jembatan, bukan polyline jalan.",AVAILABLE
REKONSILIASI_APBDP_2026,19,2026,PHYSICAL,Pemeliharaan Rutin Jalan,0051 – Pemeliharaan Rutin Jalan,4016481818,e95bc983-c93c-432f-8eec-fbe5a6373124,,REVIEW,SKIPPED_NON_ROAD,,,,,,Existing ID dari workbook tidak ditemukan dan tidak ada satu kandidat pengganti yang aman.; Pemeliharaan rutin jalan tidak menyebut ruas tertentu.,AVAILABLE
REKONSILIASI_APBDP_2026,20,2026,PHYSICAL,Pemeliharaan Rutin Jalan,0051 – Pemeliharaan Rutin Jalan,3513433971,,eba70d9d-9bd4-435b-bd3a-f2a70053ce48,EXISTING,SKIPPED_NON_ROAD,,,,,,"Kandidat existing cocok pada tahun, nama, sub kegiatan, dan pagu efektif.; Pemeliharaan rutin jalan tidak menyebut ruas tertentu.",AVAILABLE
REKONSILIASI_APBDP_2026,21,2026,PHYSICAL,Pembangunan Ruas Jalan Bajayau   Tengah – Buas-Buas (Sawaja) Kec. Daha Barat (Lanjutan),0053 – Pembangunan Jalan,6112540000,d79e6a41-a1aa-4e63-9a93-71b1cc6620fc,,REVIEW,FUZZY_AUTO,ruas_336,Bajayau - Bajayau Tengah,0.86,fuzzy_token_edit,0.3407,Existing ID dari workbook tidak ditemukan dan tidak ada satu kandidat pengganti yang aman.; Token overlap dan normalized edit similarity.,AVAILABLE
REKONSILIASI_APBDP_2026,24,2026,PHYSICAL,Peningkatan Struktur Ruas Jalan   Sakincung – Ds. Hakurung Dalam,0056 – Pemeliharaan Berkala   Jalan,227548000,8d6d620e-2a1c-4a38-bb34-9f882b784297,,REVIEW,UNMATCHED,,,,,0.6449,Existing ID dari workbook tidak ditemukan dan tidak ada satu kandidat pengganti yang aman.; Tidak ada kandidat jalan dengan skor minimal 0.70.,AVAILABLE
REKONSILIASI_APBDP_2026,25,2026,PHYSICAL,Pengamanan Badan Jalan Taniran   Selatan Kubah – Buntut/Wawaran (Lanjutan),0056 – Pemeliharaan Berkala   Jalan,922024200,bc22a0b0-9eda-4f0a-bb7a-e1c8d31db162,,REVIEW,EXACT,ruas_213,Taniran Selatan Kubah - Buntut Taniran/Wawaran,0.9652,fuzzy_token_edit,0.5544,Existing ID dari workbook tidak ditemukan dan tidak ada satu kandidat pengganti yang aman.; Token overlap dan normalized edit similarity.,AVAILABLE
REKONSILIASI_APBDP_2026,27,2027,PLANNING,Perencanaan Pengamanan Badan   Jalan Angkinang – Telaga Langsat,0056 – Pemeliharaan Berkala   Jalan,35000000,,638831ef-268b-4535-b6a0-30b7d5235cb4,EXISTING,EXACT,ruas_130,Angkinang - Telaga Langsat,1,exact_normalized,0.6218,"Kandidat existing cocok pada tahun, nama, sub kegiatan, dan pagu efektif.; Nama paket/lokasi dan nama ruas sama setelah normalisasi.",AVAILABLE
REKONSILIASI_APBDP_2026,28,2026,PHYSICAL,Siring Pasangan Batu Mandapai –   Madang,0056 – Pemeliharaan Berkala   Jalan,196913000,,a9931b7d-157a-4bc8-b715-18de492b6341,EXISTING,EXACT,ruas_158,Mandapai - Madang,1,exact_normalized,0.5029,"Kandidat existing cocok pada tahun, nama, sub kegiatan, dan pagu efektif.; Nama paket/lokasi dan nama ruas sama setelah normalisasi.",AVAILABLE
REKONSILIASI_APBDP_2026,29,2026,PHYSICAL,Siring Pasangan Batu Halaban   Kec. Simpur,0056 – Pemeliharaan Berkala   Jalan,196913000,,2440ca25-0ecf-4a72-800a-7c2393112181,EXISTING,EXACT,ruas_051,Jl. Halaban,1,exact_normalized,0.0889,"Kandidat existing cocok pada tahun, nama, sub kegiatan, dan pagu efektif.; Nama paket/lokasi dan nama ruas sama setelah normalisasi.",AVAILABLE
REKONSILIASI_APBDP_2026,30,2026,PHYSICAL,Siring Pasangan Batu Karang Jawa   – Ambarai – Sungai Bungur,0056 – Pemeliharaan Berkala   Jalan,196913000,,bb304b06-3829-40e6-813b-8375ebad55e3,EXISTING,EXACT,ruas_057,Karang Jawa - Ambarai - Sungai Bungur,1,exact_normalized,0.406,"Kandidat existing cocok pada tahun, nama, sub kegiatan, dan pagu efektif.; Nama paket/lokasi dan nama ruas sama setelah normalisasi.",AVAILABLE
REKONSILIASI_APBDP_2026,31,2026,PHYSICAL,Siring Pasangan Batu Garunggang   – Hantamangu Kec. Simpur,0056 – Pemeliharaan Berkala   Jalan,196913000,,7e2393c3-039d-4e4d-81e9-31cb32e71ff2,EXISTING,EXACT,ruas_189,Garunggang - Hantamangu,1,exact_normalized,0.2938,"Kandidat existing cocok pada tahun, nama, sub kegiatan, dan pagu efektif.; Nama paket/lokasi dan nama ruas sama setelah normalisasi.",AVAILABLE
REKONSILIASI_APBDP_2026,32,2026,PHYSICAL,Siring Pasangan Batu Sungai   Paring – Sei. Hanyar Pantai Ulin,0056 – Pemeliharaan Berkala   Jalan,196913000,,87d6a459-6ad2-460c-9283-b3c186e2a900,EXISTING,EXACT,ruas_147,Sungai Paring - Sei Hanyar Pantai Ulin,1,exact_normalized,0.526,"Kandidat existing cocok pada tahun, nama, sub kegiatan, dan pagu efektif.; Nama paket/lokasi dan nama ruas sama setelah normalisasi.",AVAILABLE
REKONSILIASI_APBDP_2026,33,2026,PHYSICAL,Penggantian Jembatan Sei. Binglu   Ds. Balimau Kec. Kalumpang,0057 – Penggantian Jembatan,1759005000,afb81a31-f210-4a62-b1b1-bf50fcabe129,,REVIEW,SKIPPED_NON_ROAD,,,,,,"Existing ID dari workbook tidak ditemukan dan tidak ada satu kandidat pengganti yang aman.; Paket jembatan diarahkan ke layer jembatan, bukan polyline jalan.",AVAILABLE
REKONSILIASI_APBDP_2026,34,2026,PHYSICAL,Penggantian Jembatan Mawangi –   Bukuanin – Telaga Langsat,0057 – Penggantian Jembatan,1563334100,7c9807b4-4e1e-4b8f-b6d1-4e73c68551eb,,REVIEW,SKIPPED_NON_ROAD,,,,,,"Existing ID dari workbook tidak ditemukan dan tidak ada satu kandidat pengganti yang aman.; Paket jembatan diarahkan ke layer jembatan, bukan polyline jalan.",AVAILABLE
REKONSILIASI_APBDP_2026,35,2026,PHYSICAL,Penggantian Jembatan Batu Laki –   Muara Pipi'i,0057 – Penggantian Jembatan,2709032850,92d97fa3-7c1a-4ebb-b21f-ac0e9716ddbe,,REVIEW,SKIPPED_NON_ROAD,,,,,,"Existing ID dari workbook tidak ditemukan dan tidak ada satu kandidat pengganti yang aman.; Paket jembatan diarahkan ke layer jembatan, bukan polyline jalan.",AVAILABLE
REKONSILIASI_APBDP_2026,36,2026,PHYSICAL,Penggantian Jembatan Ds. Siang   Gantung Kec. Daha Barat,0057 – Penggantian Jembatan,2124597900,712b3c44-897e-48af-8ada-e7f9e2e9268b,,REVIEW,SKIPPED_NON_ROAD,,,,,,"Existing ID dari workbook tidak ditemukan dan tidak ada satu kandidat pengganti yang aman.; Paket jembatan diarahkan ke layer jembatan, bukan polyline jalan.",AVAILABLE
REKONSILIASI_APBDP_2026,37,2026,PHYSICAL,Penggantian Jembatan Desa Pandak   Daun – Pakan Dalam Kec. Daha Utara,0057 – Penggantian Jembatan,844597000,,a6a9ad45-dfb9-4500-8b31-c9ad63bbb2ee,EXISTING,SKIPPED_NON_ROAD,,,,,,"Kandidat existing cocok pada tahun, nama, sub kegiatan, dan pagu efektif.; Paket jembatan diarahkan ke layer jembatan, bukan polyline jalan.",AVAILABLE
REKONSILIASI_APBDP_2026,38,2027,PLANNING,Penggantian Jembatan Ds. Balimau   Kec. Kalumpang – Perencanaan,0057 – Penggantian Jembatan,100000000,,37a5815e-57d2-492d-a4e7-5efc4a62ca56,EXISTING,SKIPPED_NON_ROAD,,,,,,"Kandidat existing cocok pada tahun, nama, sub kegiatan, dan pagu efektif.; Paket jembatan diarahkan ke layer jembatan, bukan polyline jalan.",AVAILABLE
REKONSILIASI_APBDP_2026,39,2027,PLANNING,Penggantian Jembatan Ds. Loksado   Kec. Loksado – Perencanaan,0057 – Penggantian Jembatan,100000000,,11eb1905-eaa8-4470-876f-b2ce4c97c7aa,EXISTING,SKIPPED_NON_ROAD,,,,,,"Kandidat existing cocok pada tahun, nama, sub kegiatan, dan pagu efektif.; Paket jembatan diarahkan ke layer jembatan, bukan polyline jalan.",AVAILABLE
REKONSILIASI_APBDP_2026,40,2027,PLANNING,Penggantian Jembatan Madang –   Ambutun – Perencanaan,0057 – Penggantian Jembatan,80000000,,29661c27-261c-43f0-8779-1b9fd914f056,EXISTING,SKIPPED_NON_ROAD,,,,,,"Kandidat existing cocok pada tahun, nama, sub kegiatan, dan pagu efektif.; Paket jembatan diarahkan ke layer jembatan, bukan polyline jalan.",AVAILABLE
REKONSILIASI_APBDP_2026,41,2027,PLANNING,Penggantian Jembatan Sungai   Kupang Utara – Simpang Empat Lungau – Perencanaan,0057 – Penggantian Jembatan,80000000,,67685484-9dfc-4966-a7eb-25f322ff80e8,EXISTING,SKIPPED_NON_ROAD,,,,,,"Kandidat existing cocok pada tahun, nama, sub kegiatan, dan pagu efektif.; Paket jembatan diarahkan ke layer jembatan, bukan polyline jalan.",AVAILABLE
REKONSILIASI_APBDP_2026,42,2027,PLANNING,Penggantian Jembatan Katilang   Ds. Bago Tanggul – Perencanaan,0057 – Penggantian Jembatan,90000000,,66b9ee6e-ddc9-438e-854e-356ff48513e8,EXISTING,SKIPPED_NON_ROAD,,,,,,"Kandidat existing cocok pada tahun, nama, sub kegiatan, dan pagu efektif.; Paket jembatan diarahkan ke layer jembatan, bukan polyline jalan.",AVAILABLE
REKONSILIASI_APBDP_2026,43,2027,PLANNING,Penggantian Jembatan Ds. Sungai   Minting – Perencanaan,0057 – Penggantian Jembatan,80000000,,24efa1bb-4265-4a2b-a12b-271a01b0c6da,EXISTING,SKIPPED_NON_ROAD,,,,,,"Kandidat existing cocok pada tahun, nama, sub kegiatan, dan pagu efektif.; Paket jembatan diarahkan ke layer jembatan, bukan polyline jalan.",AVAILABLE
REKONSILIASI_APBDP_2026,44,2027,PLANNING,Penggantian Jembatan Mandapai –   Madang – Perencanaan,0057 – Penggantian Jembatan,80000000,,7baec143-301c-4367-9452-30c46583c96c,EXISTING,SKIPPED_NON_ROAD,,,,,,"Kandidat existing cocok pada tahun, nama, sub kegiatan, dan pagu efektif.; Paket jembatan diarahkan ke layer jembatan, bukan polyline jalan.",AVAILABLE
REKONSILIASI_APBDP_2026,45,2027,PLANNING,Pemeliharaan Berkala Jembatan   Gantung Loksado – Haratai – Perencanaan,0057 – Penggantian Jembatan,20000000,,9ce45451-8903-4d5f-bb32-d5514740d7b9,EXISTING,SKIPPED_NON_ROAD,,,,,,"Kandidat existing cocok pada tahun, nama, sub kegiatan, dan pagu efektif.; Paket jembatan diarahkan ke layer jembatan, bukan polyline jalan.",AVAILABLE
REKONSILIASI_APBDP_2026,46,2027,PLANNING,Rehabilitasi Jembatan Gantung   Ds. Loklahung – Perencanaan,0057 – Penggantian Jembatan,20000000,,0406307d-ebc7-4657-bf20-2c5d779681ba,EXISTING,SKIPPED_NON_ROAD,,,,,,"Kandidat existing cocok pada tahun, nama, sub kegiatan, dan pagu efektif.; Paket jembatan diarahkan ke layer jembatan, bukan polyline jalan.",AVAILABLE
REKONSILIASI_APBDP_2026,47,2027,PLANNING,Penggantian Jembatan Sukaramai –   Keramat – Perencanaan,0057 – Penggantian Jembatan,90000000,,a770d7a1-5ab6-4db5-8660-ca41e7143a95,EXISTING,SKIPPED_NON_ROAD,,,,,,"Kandidat existing cocok pada tahun, nama, sub kegiatan, dan pagu efektif.; Paket jembatan diarahkan ke layer jembatan, bukan polyline jalan.",AVAILABLE
REKONSILIASI_APBDP_2026,48,2027,PLANNING,Penggantian Jembatan Pandak Daun   – Pakan Dalam – Perencanaan,0057 – Penggantian Jembatan,20000000,,0321b8e7-3dc4-4ba9-8b3d-e46d0617dd02,EXISTING,SKIPPED_NON_ROAD,,,,,,"Kandidat existing cocok pada tahun, nama, sub kegiatan, dan pagu efektif.; Paket jembatan diarahkan ke layer jembatan, bukan polyline jalan.",AVAILABLE
REKONSILIASI_APBDP_2026,49,2027,PLANNING,Penggantian Jembatan Rahimin –   Perencanaan,0057 – Penggantian Jembatan,100000000,,6e9ba068-8a34-4402-a7c5-6cdefbb8e86f,EXISTING,SKIPPED_NON_ROAD,,,,,,"Kandidat existing cocok pada tahun, nama, sub kegiatan, dan pagu efektif.; Paket jembatan diarahkan ke layer jembatan, bukan polyline jalan.",AVAILABLE
REKONSILIASI_APBDP_2026,50,2027,PLANNING,Kajian Teknis Penyesuaian dan   Penggantian Struktur Jembatan Balimau – Karang Paci,0057 – Penggantian Jembatan,100000000,,a173126e-56de-463b-b0a6-c35ae77a9d6a,EXISTING,SKIPPED_NON_ROAD,,,,,,"Kandidat existing cocok pada tahun, nama, sub kegiatan, dan pagu efektif.; Paket jembatan diarahkan ke layer jembatan, bukan polyline jalan.",AVAILABLE
REKONSILIASI_APBDP_2026,52,2026,PHYSICAL,Rekonstruksi Loksado – Loklahung,0059 – Rekonstruksi Jalan,1562423000,568818c4-b8b5-4787-8d56-a06ef4a1a8d1,,REVIEW,EXACT,ruas_156,Loksado - Loklahung,1,exact_normalized,0.4658,Existing ID dari workbook tidak ditemukan dan tidak ada satu kandidat pengganti yang aman.; Nama paket/lokasi dan nama ruas sama setelah normalisasi.,AVAILABLE
REKONSILIASI_APBDP_2026,53,2026,PHYSICAL,Rekonstruksi Bayanan – Habirau   (Jl. Inpres) dan Jl. Gerilya,0059 – Rekonstruksi Jalan,2855926000,39194c49-662b-4ce5-ac7d-a14271c57fd3,,REVIEW,UNMATCHED,,,,,0.3778,Existing ID dari workbook tidak ditemukan dan tidak ada satu kandidat pengganti yang aman.; Tidak ada kandidat jalan dengan skor minimal 0.70.,AVAILABLE
REKONSILIASI_APBDP_2026,54,2026,PHYSICAL,Peningkatan Struktur Malilingin   – Lokbahan – Paniungan,0059 – Rekonstruksi Jalan,2149520000,0aac7dd2-6e15-42ca-825e-46fca33fdbd6,,REVIEW,EXACT,ruas_003,Malilingin - Lokbahan - Paniungan,1,exact_normalized,0.3479,Existing ID dari workbook tidak ditemukan dan tidak ada satu kandidat pengganti yang aman.; Nama paket/lokasi dan nama ruas sama setelah normalisasi.,AVAILABLE
REKONSILIASI_APBDP_2026,55,2026,PHYSICAL,Peningkatan Struktur Simpang   Malutu – Pahampangan,0059 – Rekonstruksi Jalan,3182340000,e02ad7e0-e280-4167-9458-b9cc27540f47,,REVIEW,EXACT,ruas_219,Simpang Malutu - Pahampangan,1,exact_normalized,0.6262,Existing ID dari workbook tidak ditemukan dan tidak ada satu kandidat pengganti yang aman.; Nama paket/lokasi dan nama ruas sama setelah normalisasi.,AVAILABLE
REKONSILIASI_APBDP_2026,56,2026,PHYSICAL,Rekonstruksi Bamban Tengah –   Loknyiur / Bamban (Tibung) – Martajiwa,0059 – Rekonstruksi Jalan,3085419000,c23cda77-150d-4206-9774-383776937dd3,,REVIEW,REVIEW,,,,,0.4317,Existing ID dari workbook tidak ditemukan dan tidak ada satu kandidat pengganti yang aman.; Nama paket mengindikasikan lebih dari satu ruas; tidak memilih satu ruas secara otomatis.,AVAILABLE
REKONSILIASI_APBDP_2026,57,2026,PHYSICAL,Rekonstruksi Ds. Balimau – Oprit   Jembatan Balimau,0059 – Rekonstruksi Jalan,2898871000,90423e96-a2df-4126-aa9b-3bb837811acc,,REVIEW,SKIPPED_NON_ROAD,,,,,,"Existing ID dari workbook tidak ditemukan dan tidak ada satu kandidat pengganti yang aman.; Paket jembatan diarahkan ke layer jembatan, bukan polyline jalan.",AVAILABLE
REKONSILIASI_APBDP_2026,58,2026,PHYSICAL,Peningkatan Struktur Asam Duhat   – Ds. Pantai Ulin (TMMD),0059 – Rekonstruksi Jalan,1356760000,eb0ba782-25c0-47dd-999f-f8a2a154639e,,REVIEW,EXACT,ruas_347,Jl. Asam Duhat - Ds. Pantai Ulin,0.98,strong_containment,0.5368,Existing ID dari workbook tidak ditemukan dan tidak ada satu kandidat pengganti yang aman.; Nama ruas termuat lengkap pada nama paket/lokasi.,AVAILABLE
REKONSILIASI_APBDP_2026,59,2026,PHYSICAL,Rekonstruksi Tambangan – Baruh   Jaya / Jl. Sungai Bagandi,0059 – Rekonstruksi Jalan,4376704550,3c4435b9-6495-458a-b2c9-303584015e43,,REVIEW,REVIEW,,,,,0.3777,Existing ID dari workbook tidak ditemukan dan tidak ada satu kandidat pengganti yang aman.; Nama paket mengindikasikan lebih dari satu ruas; tidak memilih satu ruas secara otomatis.,AVAILABLE
REKONSILIASI_APBDP_2026,60,2026,PHYSICAL,Rekonstruksi Ds. Sungai Raya   Utara,0059 – Rekonstruksi Jalan,906500000,085d19c0-8682-4bcf-aa28-ae4f4547cfc1,,REVIEW,FUZZY_AUTO,ruas_322,Jl. Pembangunan - Ds. Sungai Raya Utara,0.9097,fuzzy_token_edit,0.5862,Existing ID dari workbook tidak ditemukan dan tidak ada satu kandidat pengganti yang aman.; Token overlap dan normalized edit similarity.,AVAILABLE
REKONSILIASI_APBDP_2026,61,2026,PHYSICAL,Rekonstruksi Samuda – Bajayau   DBH Sawit Tahap 4,0059 – Rekonstruksi Jalan,1654003900,55ffb7bb-e1c8-42a6-b73c-ecb84879ea05,,REVIEW,EXACT,ruas_251,Samuda - Bajayau,0.98,strong_containment,0.3752,Existing ID dari workbook tidak ditemukan dan tidak ada satu kandidat pengganti yang aman.; Nama ruas termuat lengkap pada nama paket/lokasi.,AVAILABLE
REKONSILIASI_APBDP_2026,66,2027,PLANNING,Perencanaan Sp. Batang Kulur   Kiri – Tatas,0059 – Rekonstruksi Jalan,80000000,,9487b03b-f2ef-4f4b-ad4e-36e37c8cdc35,EXISTING,EXACT,ruas_164,SP. Batang Kulur Kiri - Tatas,1,exact_normalized,0.5882,"Kandidat existing cocok pada tahun, nama, sub kegiatan, dan pagu efektif.; Nama paket/lokasi dan nama ruas sama setelah normalisasi.",AVAILABLE
REKONSILIASI_APBDP_2026,67,2027,PLANNING,Perencanaan Pagat Batu – Muara   Hariang,0059 – Rekonstruksi Jalan,80000000,,8d576dae-ac30-4d2d-99b4-988857136195,EXISTING,EXACT,ruas_093,Pagat Batu - Muara Hariang,1,exact_normalized,0.5841,"Kandidat existing cocok pada tahun, nama, sub kegiatan, dan pagu efektif.; Nama paket/lokasi dan nama ruas sama setelah normalisasi.",AVAILABLE
REKONSILIASI_APBDP_2026,68,2027,PLANNING,Perencanaan Batang Kulur Kanan –   Batang Kulur Kiri,0059 – Rekonstruksi Jalan,80000000,,81bf77af-0b0a-4113-a43b-9cf72ddfbdd0,EXISTING,EXACT,ruas_331,Batang Kulur Kanan - Batang Kulur Kiri,1,exact_normalized,0.6866,"Kandidat existing cocok pada tahun, nama, sub kegiatan, dan pagu efektif.; Nama paket/lokasi dan nama ruas sama setelah normalisasi.",AVAILABLE
REKONSILIASI_APBDP_2026,69,2027,PLANNING,Perencanaan Wasah Hilir –   Amparaya,0059 – Rekonstruksi Jalan,80000000,,4c5cbb34-d539-4d35-94fc-d32e3bfec3b0,EXISTING,EXACT,ruas_023,Wasah Hilir - Amparaya,1,exact_normalized,0.5106,"Kandidat existing cocok pada tahun, nama, sub kegiatan, dan pagu efektif.; Nama paket/lokasi dan nama ruas sama setelah normalisasi.",AVAILABLE
REKONSILIASI_APBDP_2026,70,2027,PLANNING,Perencanaan Sirih – Pacakan,0059 – Rekonstruksi Jalan,50000000,,897fd820-7869-4a01-b63c-335fb1fc4c4c,EXISTING,EXACT,ruas_217,Sirih - Pacakan,1,exact_normalized,0.47,"Kandidat existing cocok pada tahun, nama, sub kegiatan, dan pagu efektif.; Nama paket/lokasi dan nama ruas sama setelah normalisasi.",AVAILABLE
REKONSILIASI_APBDP_2026,71,2027,PLANNING,Perencanaan Baluti – Jambu   Hulu/Paku,0059 – Rekonstruksi Jalan,100000000,,29d4ad4d-ecd7-435d-8967-b48b16f360da,EXISTING,EXACT,ruas_090,Baluti - Jambu Hulu/Paku,1,exact_normalized,0.655,"Kandidat existing cocok pada tahun, nama, sub kegiatan, dan pagu efektif.; Nama paket/lokasi dan nama ruas sama setelah normalisasi.",AVAILABLE
REKONSILIASI_APBDP_2026,72,2027,PLANNING,Perencanaan Halunuk – Riam   Tajam/Talo – Hamak Umpaya,0059 – Rekonstruksi Jalan,90000000,,2bcf7e64-ba02-4df5-88ff-dc7352035142,EXISTING,EXACT,ruas_183,Halunuk - Riam Tajam/Talo - Hamak Umpaya,1,exact_normalized,0.494,"Kandidat existing cocok pada tahun, nama, sub kegiatan, dan pagu efektif.; Nama paket/lokasi dan nama ruas sama setelah normalisasi.",AVAILABLE
REKONSILIASI_APBDP_2026,73,2027,PLANNING,Perencanaan Loksado – Haratai,0059 – Rekonstruksi Jalan,60000000,,b5487c95-c7c8-47a5-88b2-f7223c8ddd5e,EXISTING,EXACT,ruas_100,Loksado - Haratai,1,exact_normalized,0.4658,"Kandidat existing cocok pada tahun, nama, sub kegiatan, dan pagu efektif.; Nama paket/lokasi dan nama ruas sama setelah normalisasi.",AVAILABLE
REKONSILIASI_APBDP_2026,74,2027,PLANNING,Perencanaan Loklahung –   Kamawakan,0059 – Rekonstruksi Jalan,60000000,,95e99a37-0db8-4fef-b6da-7ef625127715,EXISTING,EXACT,ruas_206,Loklahung - Kamawakan,1,exact_normalized,0.4929,"Kandidat existing cocok pada tahun, nama, sub kegiatan, dan pagu efektif.; Nama paket/lokasi dan nama ruas sama setelah normalisasi.",AVAILABLE
REKONSILIASI_APBDP_2026,75,2027,PLANNING,Perencanaan Malinau – Katingin –   Kamawakan (Lanjutan),0059 – Rekonstruksi Jalan,80000000,,54d4fc65-c9e5-40e5-9c98-4c141318f889,EXISTING,EXACT,ruas_207,Malinau - Katingin - Kamawakan,1,exact_normalized,0.4317,"Kandidat existing cocok pada tahun, nama, sub kegiatan, dan pagu efektif.; Nama paket/lokasi dan nama ruas sama setelah normalisasi.",AVAILABLE
REKONSILIASI_APBDP_2026,76,2027,PLANNING,Perencanaan Jl. Cangkingan   Herman / Kampung Kawat / Keminting Batu / Tukang Garit,0059 – Rekonstruksi Jalan,80000000,,37b52092-2283-42cb-af54-b1ddada9ff8d,EXISTING,REVIEW,,,,,0.98,"Kandidat existing cocok pada tahun, nama, sub kegiatan, dan pagu efektif.; Nama paket mengindikasikan lebih dari satu ruas; tidak memilih satu ruas secara otomatis.",AVAILABLE
REKONSILIASI_APBDP_2026,77,2027,PLANNING,Perencanaan Pandak Daun – Baruh   Jaya – Samuda,0059 – Rekonstruksi Jalan,80000000,,014959ea-a6a9-4f3b-ab0b-d3e555d74794,EXISTING,EXACT,ruas_119,Pandak Daun - Baruh Jaya - Samuda,1,exact_normalized,0.5364,"Kandidat existing cocok pada tahun, nama, sub kegiatan, dan pagu efektif.; Nama paket/lokasi dan nama ruas sama setelah normalisasi.",AVAILABLE
REKONSILIASI_APBDP_2026,78,2027,PLANNING,Perencanaan Muning Tengah –   Muning Dalam,0059 – Rekonstruksi Jalan,100000000,,fb2dff5a-10d8-4a83-a3b7-86dc9bc1fee3,EXISTING,EXACT,ruas_069,Jl. Muning Tengah - Muning Dalam,1,exact_normalized,0.3574,"Kandidat existing cocok pada tahun, nama, sub kegiatan, dan pagu efektif.; Nama paket/lokasi dan nama ruas sama setelah normalisasi.",AVAILABLE
REKONSILIASI_APBDP_2026,79,2027,PLANNING,Perencanaan Sungai Mandala –   Murung Raya,0059 – Rekonstruksi Jalan,80000000,,0d26ed52-9fd3-4a0e-af29-28ed2124fcf7,EXISTING,EXACT,ruas_110,Sei. Mandala - Murung Raya,1,exact_normalized,0.5114,"Kandidat existing cocok pada tahun, nama, sub kegiatan, dan pagu efektif.; Nama paket/lokasi dan nama ruas sama setelah normalisasi.",AVAILABLE
REKONSILIASI_APBDP_2026,80,2027,PLANNING,Perencanaan Teluk Haur I dan   Teluk Haur II,0059 – Rekonstruksi Jalan,60000000,,9ff470ef-b365-4052-96d7-aeac3b1d3973,EXISTING,REVIEW,,,,,0.98,"Kandidat existing cocok pada tahun, nama, sub kegiatan, dan pagu efektif.; Nama paket mengindikasikan lebih dari satu ruas; tidak memilih satu ruas secara otomatis.",AVAILABLE
REKONSILIASI_APBDP_2026,81,2027,PLANNING,Perencanaan Hamayung – Hakurung   Dalam (Lanjutan),0059 – Rekonstruksi Jalan,35000000,,d61051cd-e6d6-417a-9ee6-a4a13e7d69e2,EXISTING,EXACT,ruas_141,Jl. Hamayung - Ds. Hakurung Dalam,1,exact_normalized,0.4486,"Kandidat existing cocok pada tahun, nama, sub kegiatan, dan pagu efektif.; Nama paket/lokasi dan nama ruas sama setelah normalisasi.",AVAILABLE
REKONSILIASI_APBDP_2026,82,2027,PLANNING,Perencanaan Baru – Ds. Bajayau,0059 – Rekonstruksi Jalan,90000000,,57dc93d2-efd4-4b84-9fbb-5dce05e8750c,EXISTING,EXACT,ruas_135,Jl. Baru - Ds. Bajayau,1,exact_normalized,0.5,"Kandidat existing cocok pada tahun, nama, sub kegiatan, dan pagu efektif.; Nama paket/lokasi dan nama ruas sama setelah normalisasi.",AVAILABLE
REKONSILIASI_APBDP_2026,83,2027,PLANNING,Perencanaan YONIF TP 829 / BUMI   ANTALUDIN,0059 – Rekonstruksi Jalan,60000000,,a61f1a9b-65a4-4877-aa3b-5dda3b42d539,EXISTING,UNMATCHED,,,,,0.1697,"Kandidat existing cocok pada tahun, nama, sub kegiatan, dan pagu efektif.; Tidak ada kandidat jalan dengan skor minimal 0.70.",AVAILABLE
REKONSILIASI_APBDP_2026,84,2027,PLANNING,Long Segment Sp.4 Baru/Tampang –   Sp. Bilui Pamujaan + Sp. Mesjid Sirih – Sarang Nyamuk – Asam Tamiyang,0059 – Rekonstruksi Jalan,100000000,,db3d7451-c728-4cb6-940a-7905e0ec2bfe,EXISTING,REVIEW,,,,,0.86,"Kandidat existing cocok pada tahun, nama, sub kegiatan, dan pagu efektif.; Nama paket mengindikasikan lebih dari satu ruas; tidak memilih satu ruas secara otomatis.",AVAILABLE
REKONSILIASI_APBDP_2026,85,2027,PLANNING,Long Segment Sp. Mandampa Tel.   Sili-Sili – Sp. Sungai Bungur,0059 – Rekonstruksi Jalan,100000000,,d87554f5-6023-43bc-a0b1-e0277408233f,EXISTING,FUZZY_AUTO,ruas_020,SP. Mandampa Telaga Sili-Sili - SP. Sungai Bungur,0.86,fuzzy_token_edit,0.356,"Kandidat existing cocok pada tahun, nama, sub kegiatan, dan pagu efektif.; Token overlap dan normalized edit similarity.",AVAILABLE
REKONSILIASI_APBDP_2026,86,2027,PLANNING,Perencanaan Teknis Usulan Jalan   2027 Tanuhi – Ulang,0059 – Rekonstruksi Jalan,100000000,,4b2b302a-03f5-42d3-95ab-47327f8839a9,EXISTING,EXACT,ruas_249,Tanuhi - Ulang,0.98,strong_containment,0.36,"Kandidat existing cocok pada tahun, nama, sub kegiatan, dan pagu efektif.; Nama ruas termuat lengkap pada nama paket/lokasi.",AVAILABLE
REKONSILIASI_APBDP_2026,87,2027,PLANNING,Perencanaan Teknis Usulan Jalan   2027 Loksado – Loklahung,0059 – Rekonstruksi Jalan,100000000,,d0f2f0f4-f462-4f19-834e-cac0bf200d4a,EXISTING,EXACT,ruas_156,Loksado - Loklahung,0.98,strong_containment,0.3767,"Kandidat existing cocok pada tahun, nama, sub kegiatan, dan pagu efektif.; Nama ruas termuat lengkap pada nama paket/lokasi.",AVAILABLE
REKONSILIASI_APBDP_2026,88,2027,PLANNING,Perencanaan Teknis Usulan Jalan   2027 Samuda – Bajayau,0059 – Rekonstruksi Jalan,100000000,,be1f01fa-21e2-4421-a9d1-6452ea3bd3a1,EXISTING,EXACT,ruas_251,Samuda - Bajayau,0.98,strong_containment,0.39,"Kandidat existing cocok pada tahun, nama, sub kegiatan, dan pagu efektif.; Nama ruas termuat lengkap pada nama paket/lokasi.",AVAILABLE
REKONSILIASI_APBDP_2026,92,2026,PHYSICAL,Pemeliharaan Rutin Jembatan,0067 – Pemeliharaan Rutin   Jembatan,2106495000,1e1140ed-9778-401d-be8a-7fea1a1519a4,,REVIEW,SKIPPED_NON_ROAD,,,,,,"Existing ID dari workbook tidak ditemukan dan tidak ada satu kandidat pengganti yang aman.; Paket jembatan diarahkan ke layer jembatan, bukan polyline jalan.",AVAILABLE
REKONSILIASI_APBDP_2026,93,2026,PHYSICAL,Pemeliharaan Rutin Jembatan,0067 – Pemeliharaan Rutin   Jembatan,1341341440,,9400395c-3f8f-4ff2-8864-23699852bdb2,EXISTING,SKIPPED_NON_ROAD,,,,,,"Kandidat existing cocok pada tahun, nama, sub kegiatan, dan pagu efektif.; Paket jembatan diarahkan ke layer jembatan, bukan polyline jalan.",AVAILABLE
REKONSILIASI_APBDP_2026,94,2026,PHYSICAL,Pembangunan Jembatan Bubuih Kec.   Loksado,0069 – Pembangunan Jembatan,6003275650,7ec3dbe5-1620-4850-82ce-83d1ba436473,,REVIEW,SKIPPED_NON_ROAD,,,,,,"Existing ID dari workbook tidak ditemukan dan tidak ada satu kandidat pengganti yang aman.; Paket jembatan diarahkan ke layer jembatan, bukan polyline jalan.",AVAILABLE
REKONSILIASI_APBDP_2026,95,2027,PLANNING,Perencanaan Pembangunan Jembatan   Habirau – Tambangan,0069 – Pembangunan Jembatan,100000000,,d5b8bbed-c931-4613-b586-ff888aebeb04,EXISTING,SKIPPED_NON_ROAD,,,,,,"Kandidat existing cocok pada tahun, nama, sub kegiatan, dan pagu efektif.; Paket jembatan diarahkan ke layer jembatan, bukan polyline jalan.",AVAILABLE
REKONSILIASI_APBDP_2026,96,2027,PLANNING,Penyelidikan Tanah untuk   Pekerjaan Jembatan,0069 – Pembangunan Jembatan,500000000,,f21a1664-9dcc-4f32-8e13-4494548488fb,EXISTING,SKIPPED_NON_ROAD,,,,,,"Kandidat existing cocok pada tahun, nama, sub kegiatan, dan pagu efektif.; Paket jembatan diarahkan ke layer jembatan, bukan polyline jalan.",AVAILABLE
REKONSILIASI_APBDP_2026,97,2027,PLANNING,Penyusunan Dokumen UKL-UPL   Pembangunan Jembatan Habirau – Tambangan,0069 – Pembangunan Jembatan,100000000,,fc125e5e-4d6a-4340-b64b-a2964309bfbb,EXISTING,SKIPPED_NON_ROAD,,,,,,"Kandidat existing cocok pada tahun, nama, sub kegiatan, dan pagu efektif.; Paket jembatan diarahkan ke layer jembatan, bukan polyline jalan.",AVAILABLE
REKONSILIASI_APBDP_2026,98,2027,PLANNING,Studi Kelayakan Pembangunan   Jembatan Habirau – Tambangan,0069 – Pembangunan Jembatan,100000000,,a0ccfebf-1486-4c40-b4b3-bff705d6b3d3,EXISTING,SKIPPED_NON_ROAD,,,,,,"Kandidat existing cocok pada tahun, nama, sub kegiatan, dan pagu efektif.; Paket jembatan diarahkan ke layer jembatan, bukan polyline jalan.",AVAILABLE
REKONSILIASI_APBDP_2026,99,2027,PLANNING,Appraisal Objek Pengadaan Tanah   Pembangunan Jembatan Habirau – Tambangan,0069 – Pembangunan Jembatan,80000000,,bf665262-b56a-40e1-9e52-46970639b383,EXISTING,SKIPPED_NON_ROAD,,,,,,"Kandidat existing cocok pada tahun, nama, sub kegiatan, dan pagu efektif.; Paket jembatan diarahkan ke layer jembatan, bukan polyline jalan.",AVAILABLE
REKONSILIASI_APBDP_2026,101,2026,PHYSICAL,Rehabilitasi Ruas Jalan Bakarung   – Tabihi – Karang Jawa Kec. Padang Batung,0055 – Rehabilitasi Jalan,4886530000,7a462d5e-89f8-442c-9303-43af73759a37,,REVIEW,EXACT,ruas_102,Bakarung - Tabihi -Karang Jawa,1,exact_normalized,0.7098,Existing ID dari workbook tidak ditemukan dan tidak ada satu kandidat pengganti yang aman.; Nama paket/lokasi dan nama ruas sama setelah normalisasi.,AVAILABLE
REKONSILIASI_APBDP_2026,102,2026,PHYSICAL,Rehabilitasi Ruas Jalan Sungai   Raya Selatan – Malutu – Goa Berangin Kec. Sungai Raya,0055 – Rehabilitasi Jalan,4896448000,9926ad41-26a9-4392-a649-73c857793bde,,REVIEW,EXACT,ruas_009,Sungai Raya Selatan - Malutu - Goa Berangin,1,exact_normalized,0.5733,Existing ID dari workbook tidak ditemukan dan tidak ada satu kandidat pengganti yang aman.; Nama paket/lokasi dan nama ruas sama setelah normalisasi.,AVAILABLE
REKONSILIASI_APBDP_2026,103,2026,PHYSICAL,Rehabilitasi Jl. Pangeran   Antasari – SP. Loklua Kec. Kandangan,0055 – Rehabilitasi Jalan,3355518000,22e381e1-9a8e-4e8c-99d6-68aad4d8fe30,,REVIEW,EXACT,ruas_097,Jl. Pangeran Antasari - SP. Loklua,1,exact_normalized,0.3049,Existing ID dari workbook tidak ditemukan dan tidak ada satu kandidat pengganti yang aman.; Nama paket/lokasi dan nama ruas sama setelah normalisasi.,AVAILABLE
REKONSILIASI_APBDP_2026,104,2026,PHYSICAL,Rehabilitasi Ruas Jalan Menuju   Stadion 2 Desember Kec. Kandangan,0055 – Rehabilitasi Jalan,3547203000,a9513cf4-5633-4170-a70d-145a18cc181c,,REVIEW,EXACT,ruas_302,Jl. Menuju Stadion 2 Desember,1,exact_normalized,0.2967,Existing ID dari workbook tidak ditemukan dan tidak ada satu kandidat pengganti yang aman.; Nama paket/lokasi dan nama ruas sama setelah normalisasi.,AVAILABLE
REKONSILIASI_APBDP_2026,105,2026,PHYSICAL,Rehabilitasi Ruas Jalan   Angkinang Selatan – Tawia – Wawaran Kec. Angkinang,0055 – Rehabilitasi Jalan,3502895000,5a8059bf-8b6d-4783-b5d7-ca241c60b980,,REVIEW,EXACT,ruas_106,Angkinang Selatan - Tawia - Wawaran,1,exact_normalized,0.3901,Existing ID dari workbook tidak ditemukan dan tidak ada satu kandidat pengganti yang aman.; Nama paket/lokasi dan nama ruas sama setelah normalisasi.,AVAILABLE
REKONSILIASI_APBDP_2026,106,2026,PHYSICAL,Rehabilitasi Ruas Jalan   Pembangunan – Ds. Sungai Raya Utara Kec. Sungai Raya,0055 – Rehabilitasi Jalan,1475663000,,a2c95b4b-6886-49fc-8489-8a6288fb1dc4,EXISTING,EXACT,ruas_322,Jl. Pembangunan - Ds. Sungai Raya Utara,1,exact_normalized,0.6112,"Kandidat existing cocok pada tahun, nama, sub kegiatan, dan pagu efektif.; Nama paket/lokasi dan nama ruas sama setelah normalisasi.",AVAILABLE
REKONSILIASI_APBDP_2026,107,2026,PHYSICAL,Rehabilitasi Ruas Jalan   Tanjungan – Sp. Sakijang Kec. Sungai Raya,0055 – Rehabilitasi Jalan,1929945000,,f99a6ede-3d29-4608-be18-a88e13271c76,EXISTING,REVIEW,,,,,0.3481,"Kandidat existing cocok pada tahun, nama, sub kegiatan, dan pagu efektif.; Skor berada pada rentang review.",AVAILABLE
REKONSILIASI_APBDP_2026,108,2026,PHYSICAL,Rehabilitasi Ruas Jalan Bangga   TMMD Kec. Sungai Raya,0055 – Rehabilitasi Jalan,1637765000,,31c6ca7d-217d-41e1-a4ba-227e04b29585,EXISTING,EXACT,ruas_216,Jl. Bangga TMMD,1,exact_normalized,0.306,"Kandidat existing cocok pada tahun, nama, sub kegiatan, dan pagu efektif.; Nama paket/lokasi dan nama ruas sama setelah normalisasi.",AVAILABLE
REKONSILIASI_APBDP_2026,109,2026,PHYSICAL,Rehabilitasi Ruas Jalan Karang   Intan – Tanah Bangkang Kec. Sungai Raya,0055 – Rehabilitasi Jalan,2327000000,,a3ab6575-0abd-4f39-8d41-d5b3f6fe1241,EXISTING,EXACT,ruas_155,Jl. Karang Intan - Tanah Bangkang,1,exact_normalized,0.6051,"Kandidat existing cocok pada tahun, nama, sub kegiatan, dan pagu efektif.; Nama paket/lokasi dan nama ruas sama setelah normalisasi.",AVAILABLE
REKONSILIASI_APBDP_2026,110,2026,PHYSICAL,Rehabilitasi Ruas Jalan Padang   Haur – Ds. Wasah Tengah Kec. Simpur,0055 – Rehabilitasi Jalan,2999035000,,438917b3-b054-4977-a468-8be2ee1ffda5,EXISTING,EXACT,ruas_340,Jl. Padang Haur - Ds. Wasah Tengah,1,exact_normalized,0.5918,"Kandidat existing cocok pada tahun, nama, sub kegiatan, dan pagu efektif.; Nama paket/lokasi dan nama ruas sama setelah normalisasi.",AVAILABLE
REKONSILIASI_APBDP_2026,111,2026,PHYSICAL,Rehabilitasi Ruas Jalan Sarang   Halang Padang – Sp. Batang Kulur Kec. Sungai Raya,0055 – Rehabilitasi Jalan,2368800000,,47891daf-9771-4278-a94c-ffb949112b23,EXISTING,EXACT,ruas_050,Sarang Halang Padang - SP Batang Kulur,1,exact_normalized,0.4981,"Kandidat existing cocok pada tahun, nama, sub kegiatan, dan pagu efektif.; Nama paket/lokasi dan nama ruas sama setelah normalisasi.",AVAILABLE
REKONSILIASI_APBDP_2026,112,2026,PHYSICAL,Rehabilitasi Ruas Jalan Hamalau   – Telaga Bidadari – Wasah Hilir Kec. Sungai Raya,0055 – Rehabilitasi Jalan,6109721229,,779b66c1-7b05-4086-a257-1b0116937bc7,EXISTING,EXACT,ruas_062,Hamalau - Telaga Bidadari - Wasah Hilir,1,exact_normalized,0.5205,"Kandidat existing cocok pada tahun, nama, sub kegiatan, dan pagu efektif.; Nama paket/lokasi dan nama ruas sama setelah normalisasi.",AVAILABLE
REKONSILIASI_APBDP_2026,113,2026,PHYSICAL,Rehabilitasi Ruas Jalan Bakarung   – Rantauan Kec. Angkinang,0055 – Rehabilitasi Jalan,3800618000,,8b001371-5304-447a-b2b5-7251d2f22640,EXISTING,EXACT,ruas_247,Bakarung - Rantauan,1,exact_normalized,0.3547,"Kandidat existing cocok pada tahun, nama, sub kegiatan, dan pagu efektif.; Nama paket/lokasi dan nama ruas sama setelah normalisasi.",AVAILABLE
REKONSILIASI_APBDP_2026,114,2027,PLANNING,Perencanaan Jl. Aluh Idut dan   Jl. Teluk Mesjid – SP.4 Muara Banta Kec. Kandangan,0055 – Rehabilitasi Jalan,90000000,,8350fff2-d6b2-4949-aaf3-3ae4d49023c5,EXISTING,REVIEW,,,,,0.98,"Kandidat existing cocok pada tahun, nama, sub kegiatan, dan pagu efektif.; Nama paket mengindikasikan lebih dari satu ruas; tidak memilih satu ruas secara otomatis.",AVAILABLE
REKONSILIASI_APBDP_2026,115,2027,PLANNING,Perencanaan Ruas Jalan KS. Tubun   Kec. Kandangan,0055 – Rehabilitasi Jalan,80000000,,9d698e23-fd5a-49b3-95f3-1ff062413761,EXISTING,EXACT,ruas_168,Jl. KS. Tubun,1,exact_normalized,0.0727,"Kandidat existing cocok pada tahun, nama, sub kegiatan, dan pagu efektif.; Nama paket/lokasi dan nama ruas sama setelah normalisasi.",AVAILABLE
REKONSILIASI_APBDP_2026,116,2027,PLANNING,Perencanaan Ruas Jalan Amawang   Muka – Getek Kec. Kandangan,0055 – Rehabilitasi Jalan,80000000,,7a24824b-18a5-4646-9d29-31137124eab0,EXISTING,EXACT,ruas_157,Amawang Muka - Getek,1,exact_normalized,0.435,"Kandidat existing cocok pada tahun, nama, sub kegiatan, dan pagu efektif.; Nama paket/lokasi dan nama ruas sama setelah normalisasi.",AVAILABLE
REKONSILIASI_APBDP_2026,117,2027,PLANNING,Perencanaan Ruas Jalan Taal   Jarau – Simpang Baru/Tampang Kec. Sungai Raya,0055 – Rehabilitasi Jalan,90000000,,9de8d812-9b60-4788-a4d9-ddaaa1c77631,EXISTING,EXACT,ruas_010,Taal Jarau - SP. Baru/Tampang,1,exact_normalized,0.4561,"Kandidat existing cocok pada tahun, nama, sub kegiatan, dan pagu efektif.; Nama paket/lokasi dan nama ruas sama setelah normalisasi.",AVAILABLE
REKONSILIASI_APBDP_2026,118,2027,PLANNING,Perencanaan Ruas Jalan Karasikan   – Sarang Halang Kec. Sungai Raya,0055 – Rehabilitasi Jalan,80000000,,f5fb5ad3-ad18-4212-b62f-bcec468c2b3d,EXISTING,EXACT,ruas_079,Karasikan - Sarang Halang,1,exact_normalized,0.5107,"Kandidat existing cocok pada tahun, nama, sub kegiatan, dan pagu efektif.; Nama paket/lokasi dan nama ruas sama setelah normalisasi.",AVAILABLE
REKONSILIASI_APBDP_2026,119,2027,PLANNING,Perencanaan Ruas Jalan Hamalau –   Anjiran (Jl. Murni) Kec. Sungai Raya,0055 – Rehabilitasi Jalan,80000000,,6d33b85d-5130-4063-9911-64d5a677b3a1,EXISTING,EXACT,ruas_045,Hamalau - Anjiran,0.98,strong_containment,0.438,"Kandidat existing cocok pada tahun, nama, sub kegiatan, dan pagu efektif.; Nama ruas termuat lengkap pada nama paket/lokasi.",AVAILABLE
REKONSILIASI_APBDP_2026,120,2027,PLANNING,Perencanaan Ruas Jalan Tajun –   Sp.3 Muara Paring Agung Kec. Sungai Raya,0055 – Rehabilitasi Jalan,100000000,,6d958baa-6a67-47e8-b225-6b86bfe74e92,EXISTING,EXACT,ruas_052,Tajun - SP.3 Muara Paring Agung,1,exact_normalized,0.86,"Kandidat existing cocok pada tahun, nama, sub kegiatan, dan pagu efektif.; Nama paket/lokasi dan nama ruas sama setelah normalisasi.",AVAILABLE
REKONSILIASI_APBDP_2026,121,2027,PLANNING,Perencanaan Mangunang – Ds.   Sungai Raya Utara dan Sungai Raya Utara – Teluk Pinang,0055 – Rehabilitasi Jalan,60000000,,802c77d2-efc7-48f6-8113-b2a7791ddaf9,EXISTING,REVIEW,,,,,0.98,"Kandidat existing cocok pada tahun, nama, sub kegiatan, dan pagu efektif.; Nama paket mengindikasikan lebih dari satu ruas; tidak memilih satu ruas secara otomatis.",AVAILABLE
REKONSILIASI_APBDP_2026,122,2027,PLANNING,Perencanaan Sungai Raya Selatan   – Sarang Halang (Lanjutan),0055 – Rehabilitasi Jalan,80000000,,4fde94c6-38af-4a3a-842e-98de9fa70bcf,EXISTING,EXACT,ruas_046,Sungai Raya Selatan - Sarang Halang,1,exact_normalized,0.6107,"Kandidat existing cocok pada tahun, nama, sub kegiatan, dan pagu efektif.; Nama paket/lokasi dan nama ruas sama setelah normalisasi.",AVAILABLE
REKONSILIASI_APBDP_2026,123,2027,PLANNING,Perencanaan Padang Batung – Batu   Laki – Malilingin,0055 – Rehabilitasi Jalan,90000000,,4c3194df-b8c4-4990-85b1-9b5c9f213a2f,EXISTING,EXACT,ruas_332,Padang Batung - Batu Laki - Malilingin,1,exact_normalized,0.3883,"Kandidat existing cocok pada tahun, nama, sub kegiatan, dan pagu efektif.; Nama paket/lokasi dan nama ruas sama setelah normalisasi.",AVAILABLE
REKONSILIASI_APBDP_2026,124,2027,PLANNING,Perencanaan Telaga Langsat –   Pakuan Timur,0055 – Rehabilitasi Jalan,80000000,,edcd5a8c-ebf6-4d96-9419-36105a977c4a,EXISTING,EXACT,ruas_140,Telaga Langsat - Pakuan Timur,1,exact_normalized,0.5016,"Kandidat existing cocok pada tahun, nama, sub kegiatan, dan pagu efektif.; Nama paket/lokasi dan nama ruas sama setelah normalisasi.",AVAILABLE
REKONSILIASI_APBDP_2026,125,2027,PLANNING,Perencanaan Mawangi – Bukuanin –   Telaga Langsat,0055 – Rehabilitasi Jalan,90000000,,cfc5971b-f6cb-4bf2-b9b8-263a37af4a1c,EXISTING,EXACT,ruas_154,Mawangi - Bukuanin - Telaga Langsat,1,exact_normalized,0.579,"Kandidat existing cocok pada tahun, nama, sub kegiatan, dan pagu efektif.; Nama paket/lokasi dan nama ruas sama setelah normalisasi.",AVAILABLE
REKONSILIASI_APBDP_2026,126,2027,PLANNING,Perencanaan Pakan Dalam –   Kaminting Batu,0055 – Rehabilitasi Jalan,80000000,,cbcf105f-4697-449a-9d24-dc233d8fc667,EXISTING,REVIEW,,,,,0.5533,"Kandidat existing cocok pada tahun, nama, sub kegiatan, dan pagu efektif.; Skor berada pada rentang review.",AVAILABLE
REKONSILIASI_APBDP_2026,127,2027,PLANNING,Studi Kelayakan Pekerjaan Jalan   Lingkar Loksado,0055 – Rehabilitasi Jalan,100000000,,2e5cd452-6fe7-4e54-8d42-56538638b495,EXISTING,SKIPPED_NON_ROAD,,,,,,"Kandidat existing cocok pada tahun, nama, sub kegiatan, dan pagu efektif.; Paket bersifat studi/dokumen umum dan tidak memiliki identitas ruas yang aman.",AVAILABLE
REKONSILIASI_APBDP_2026,128,2027,PLANNING,Penyusunan Dokumen Lingkungan   Hidup Jalan Lingkar Loksado,0055 – Rehabilitasi Jalan,100000000,,d7336a9c-84cf-48b8-8e12-0d6c00b8057b,EXISTING,UNMATCHED,,,,,0.3321,"Kandidat existing cocok pada tahun, nama, sub kegiatan, dan pagu efektif.; Tidak ada kandidat jalan dengan skor minimal 0.70.",AVAILABLE
REKONSILIASI_APBDP_2026,129,2027,PLANNING,Perencanaan Jalan Lingkar   Loksado,0055 – Rehabilitasi Jalan,100000000,,cdc751c6-8537-4feb-a500-4948308ff1a6,EXISTING,UNMATCHED,,,,,0.3853,"Kandidat existing cocok pada tahun, nama, sub kegiatan, dan pagu efektif.; Tidak ada kandidat jalan dengan skor minimal 0.70.",AVAILABLE
REKONSILIASI_APBDP_2026,130,2027,PLANNING,Perencanaan Sirkuit Grasstrack   Desa Paharuangan Kec. Sungai Raya,0055 – Rehabilitasi Jalan,60000000,,ae4ccf2a-c3de-4fd4-847e-594e3573b3e5,EXISTING,UNMATCHED,,,,,0.2174,"Kandidat existing cocok pada tahun, nama, sub kegiatan, dan pagu efektif.; Tidak ada kandidat jalan dengan skor minimal 0.70.",AVAILABLE
REKONSILIASI_APBDP_2026,131,2027,PLANNING,Penyusunan Dokumen Lingkungan   Hidup Kegiatan Inpres Jalan Daerah,0055 – Rehabilitasi Jalan,100000000,,84699866-fd0f-4925-bf41-c44650ddfd36,EXISTING,UNMATCHED,,,,,0.0655,"Kandidat existing cocok pada tahun, nama, sub kegiatan, dan pagu efektif.; Tidak ada kandidat jalan dengan skor minimal 0.70.",AVAILABLE
REKONSILIASI_APBDP_2026,132,2027,PLANNING,Penyusunan Dokumen Leger Jalan   Wilayah Kota Kandangan,0055 – Rehabilitasi Jalan,100000000,,0acd57b7-2b03-4e30-92f8-e0876f945b5e,EXISTING,UNMATCHED,,,,,0.1768,"Kandidat existing cocok pada tahun, nama, sub kegiatan, dan pagu efektif.; Tidak ada kandidat jalan dengan skor minimal 0.70.",AVAILABLE
REKONSILIASI_APBDP_2026,134,2026,PHYSICAL,Pelebaran Ruas Jalan Taminung   Kec. Sungai Raya (Lanjutan),0068 – Pelebaran Jalan Menuju   Standar,196850000,26aceac8-31a4-4e65-b2eb-18d3cb30b114,,REVIEW,EXACT,ruas_037,Jl. Taminung,0.98,strong_containment,0.5866,Existing ID dari workbook tidak ditemukan dan tidak ada satu kandidat pengganti yang aman.; Nama ruas termuat lengkap pada nama paket/lokasi.,AVAILABLE
REKONSILIASI_APBDP_2026,135,2026,PHYSICAL,Pelebaran Ruas Jalan Telaga   Langsat – Pakuan Timur Kec. Telaga Langsat,0068 – Pelebaran Jalan Menuju   Standar,196850000,e30a3aad-2398-442d-8dcc-100aafc39eaa,,REVIEW,EXACT,ruas_140,Telaga Langsat - Pakuan Timur,1,exact_normalized,0.5016,Existing ID dari workbook tidak ditemukan dan tidak ada satu kandidat pengganti yang aman.; Nama paket/lokasi dan nama ruas sama setelah normalisasi.,AVAILABLE
REKONSILIASI_APBDP_2026,136,2026,PHYSICAL,Pelebaran Ruas Jalan Halayung –   Hantarukung Kec. Simpur,0068 – Pelebaran Jalan Menuju   Standar,196850000,5f42952d-d6c4-466e-82a3-355e846d5662,,REVIEW,EXACT,ruas_094,Jl. Halayung - Hantarukung,1,exact_normalized,0.1273,Existing ID dari workbook tidak ditemukan dan tidak ada satu kandidat pengganti yang aman.; Nama paket/lokasi dan nama ruas sama setelah normalisasi.,AVAILABLE
REKONSILIASI_APBDP_2026,137,2026,PHYSICAL,Pelebaran Ruas Jalan Ambarai –   Madang Kec. Padang Batung,0068 – Pelebaran Jalan Menuju   Standar,196799600,174b9700-b1a7-411d-9512-35608abe9b0c,,REVIEW,EXACT,ruas_159,Ambarai - Madang,1,exact_normalized,0.5029,Existing ID dari workbook tidak ditemukan dan tidak ada satu kandidat pengganti yang aman.; Nama paket/lokasi dan nama ruas sama setelah normalisasi.,AVAILABLE
REKONSILIASI_APBDP_2026,138,2026,PHYSICAL,Pelebaran Ruas Jalan Tanjungan –   Sp. 10 Batang Kulur – Sungai Kali Kec. Sungai Raya,0068 – Pelebaran Jalan Menuju   Standar,2364480000,48afbed8-9363-4389-97f4-a5f8b67af73c,,REVIEW,EXACT,ruas_059,Tanjungan - SP.10 Batang Kulur - Sungai Kali,1,exact_normalized,0.4898,Existing ID dari workbook tidak ditemukan dan tidak ada satu kandidat pengganti yang aman.; Nama paket/lokasi dan nama ruas sama setelah normalisasi.,AVAILABLE
REKONSILIASI_APBDP_2026,139,2026,PHYSICAL,Pelebaran Ruas Jalan Taal Jarau   – Simpang Baru/Tampang Kec. Sungai Raya,0068 – Pelebaran Jalan Menuju   Standar,2663478000,df6aaebe-754c-44d8-ae82-ca4cf2f157c6,,REVIEW,EXACT,ruas_010,Taal Jarau - SP. Baru/Tampang,1,exact_normalized,0.4561,Existing ID dari workbook tidak ditemukan dan tidak ada satu kandidat pengganti yang aman.; Nama paket/lokasi dan nama ruas sama setelah normalisasi.,AVAILABLE
REKONSILIASI_APBDP_2026,140,2026,PHYSICAL,Pelebaran Ruas Jalan Sungai Raya   Selatan – Sarang Halang Kec. Sungai Raya,0068 – Pelebaran Jalan Menuju   Standar,1974858000,d1496233-a488-490a-80cb-7ea459c50b37,,REVIEW,EXACT,ruas_046,Sungai Raya Selatan - Sarang Halang,1,exact_normalized,0.6107,Existing ID dari workbook tidak ditemukan dan tidak ada satu kandidat pengganti yang aman.; Nama paket/lokasi dan nama ruas sama setelah normalisasi.,AVAILABLE
REKONSILIASI_APBDP_2026,141,2026,PHYSICAL,Pelebaran Ruas Jalan Tajun –   SP.3 Muara Paring Agung Kec. Sungai Raya,0068 – Pelebaran Jalan Menuju   Standar,3517176000,e4ab4d72-0551-4942-ad08-a367ace5b8fe,,REVIEW,EXACT,ruas_052,Tajun - SP.3 Muara Paring Agung,1,exact_normalized,0.86,Existing ID dari workbook tidak ditemukan dan tidak ada satu kandidat pengganti yang aman.; Nama paket/lokasi dan nama ruas sama setelah normalisasi.,AVAILABLE
REKONSILIASI_APBDP_2026,142,2026,PHYSICAL,Pelebaran Ruas Jalan Loklahung –   Malaris Kec. Loksado,0068 – Pelebaran Jalan Menuju   Standar,234440000,,27e23bac-87af-4695-b89d-6fa2f8ed2d34,EXISTING,EXACT,ruas_231,Loklahung - Malaris,1,exact_normalized,0.4929,"Kandidat existing cocok pada tahun, nama, sub kegiatan, dan pagu efektif.; Nama paket/lokasi dan nama ruas sama setelah normalisasi.",AVAILABLE
REKONSILIASI_APBDP_2026,143,2026,PHYSICAL,Pelebaran Ruas Jalan Datar   Belimbing – Muara Kitar Kec. Loksado,0068 – Pelebaran Jalan Menuju   Standar,234440000,,a6e7f0f5-7342-4eb6-aae3-23f3ac6e0d71,EXISTING,EXACT,ruas_242,Jl. Datar Belimbing - Muara Kitar,1,exact_normalized,0.5154,"Kandidat existing cocok pada tahun, nama, sub kegiatan, dan pagu efektif.; Nama paket/lokasi dan nama ruas sama setelah normalisasi.",AVAILABLE
REKONSILIASI_APBDP_2026,144,2026,PHYSICAL,Pelebaran Ruas Jalan Simpang   Hamalau – Teluk Pinang dan Teluk Pinang – Pahampangan Utara Kec. Sungai Raya,0068 – Pelebaran Jalan Menuju   Standar,1805584000,cef06f26-e995-489f-82a6-5cf1a4c3cf99,,REVIEW,REVIEW,,,,,0.98,Existing ID dari workbook tidak ditemukan dan tidak ada satu kandidat pengganti yang aman.; Nama paket mengindikasikan lebih dari satu ruas; tidak memilih satu ruas secara otomatis.,AVAILABLE
REKONSILIASI_APBDP_2026,145,2026,PHYSICAL,Pelebaran Ruas Jalan Batang   Kulur Kanan – Sarangan Kec. Sungai Raya,0068 – Pelebaran Jalan Menuju   Standar,1628400000,,fd3f428c-2c26-447e-a803-fca627ade902,EXISTING,EXACT,ruas_014,Batang Kulur Kanan - Sarangan,1,exact_normalized,0.6866,"Kandidat existing cocok pada tahun, nama, sub kegiatan, dan pagu efektif.; Nama paket/lokasi dan nama ruas sama setelah normalisasi.",AVAILABLE
REKONSILIASI_APBDP_2026,146,2026,PHYSICAL,Pelebaran Ruas Jalan Simpang   Malutu – Tambak Kec. Padang Batung,0068 – Pelebaran Jalan Menuju   Standar,2124357000,9ce0fed4-c67b-48db-a00b-4b04c5273a4f,,REVIEW,EXACT,ruas_007,Simpang Malutu - Tambak,1,exact_normalized,0.6262,Existing ID dari workbook tidak ditemukan dan tidak ada satu kandidat pengganti yang aman.; Nama paket/lokasi dan nama ruas sama setelah normalisasi.,AVAILABLE
REKONSILIASI_APBDP_2026,147,2026,PHYSICAL,Pelebaran Ruas Jalan Bakarung   Tengah – Karang Jawa Kec. Kandangan,0068 – Pelebaran Jalan Menuju   Standar,1885475000,,1a09ea8d-4158-49a5-a37b-6c0ced5f3b6b,EXISTING,EXACT,ruas_098,Bakarung Tengah - Karang Jawa,1,exact_normalized,0.7098,"Kandidat existing cocok pada tahun, nama, sub kegiatan, dan pagu efektif.; Nama paket/lokasi dan nama ruas sama setelah normalisasi.",AVAILABLE
REKONSILIASI_APBDP_2026,148,2026,PHYSICAL,Pelebaran Ruas Jalan Teluk   Pinang – Padang Rasau Kec. Padang Batung,0068 – Pelebaran Jalan Menuju   Standar,1812525000,,90b03421-b6dd-4d87-8ec0-439df18d530e,EXISTING,EXACT,ruas_073,Teluk Pinang - Padang Rasau,1,exact_normalized,0.5719,"Kandidat existing cocok pada tahun, nama, sub kegiatan, dan pagu efektif.; Nama paket/lokasi dan nama ruas sama setelah normalisasi.",AVAILABLE
REKONSILIASI_APBDP_2026,149,2027,PLANNING,Perencanaan Pelebaran Ruas Jalan   Teratai – Menuju Perumnas Hamalau Kec. Kandangan,0068 – Pelebaran Jalan Menuju   Standar,20000000,,4364f233-8ce5-450f-8122-cf28bab8b4ce,EXISTING,FUZZY_AUTO,ruas_055,Jl. Teratai Menuju Komplek Perumnas Hamalau,0.86,fuzzy_token_edit,0.3706,"Kandidat existing cocok pada tahun, nama, sub kegiatan, dan pagu efektif.; Token overlap dan normalized edit similarity.",AVAILABLE
REKONSILIASI_APBDP_2026,150,2027,PLANNING,Perencanaan Pelebaran Ruas Jalan   Amawang Kanan – Wasah Hulu Kec. Kandangan,0068 – Pelebaran Jalan Menuju   Standar,20000000,,428633b2-2e4d-4019-87c3-972acb270d71,EXISTING,EXACT,ruas_146,Jl. Amawang Kanan - Wasah Hulu,1,exact_normalized,0.5226,"Kandidat existing cocok pada tahun, nama, sub kegiatan, dan pagu efektif.; Nama paket/lokasi dan nama ruas sama setelah normalisasi.",AVAILABLE
REKONSILIASI_APBDP_2026,151,2027,PLANNING,Perencanaan Pelebaran Ruas Jalan   Sarang Halang Padang – Sp. Batang Kulur Kec. Sungai Raya,0068 – Pelebaran Jalan Menuju   Standar,20000000,,11a9f0b7-4c5b-4790-a1bd-4b9d6ef5ef75,EXISTING,EXACT,ruas_050,Sarang Halang Padang - SP Batang Kulur,1,exact_normalized,0.4981,"Kandidat existing cocok pada tahun, nama, sub kegiatan, dan pagu efektif.; Nama paket/lokasi dan nama ruas sama setelah normalisasi.",AVAILABLE
REKONSILIASI_APBDP_2026,152,2027,PLANNING,Perencanaan Pelebaran Ruas Jalan   Tanjungan – Sp. Sakijang Kec. Sungai Raya,0068 – Pelebaran Jalan Menuju   Standar,20000000,,cecd1ccc-873f-42ac-8731-040df67e075a,EXISTING,REVIEW,,,,,0.3481,"Kandidat existing cocok pada tahun, nama, sub kegiatan, dan pagu efektif.; Skor berada pada rentang review.",AVAILABLE
REKONSILIASI_APBDP_2026,153,2027,PLANNING,Perencanaan Pelebaran Ruas Jalan   Halayung – Hantarukung Kec. Simpur (Lanjutan),0068 – Pelebaran Jalan Menuju   Standar,20000000,,b2886944-fe80-4d62-b4ca-4f3bcc0f04e2,EXISTING,EXACT,ruas_094,Jl. Halayung - Hantarukung,0.98,strong_containment,0.3871,"Kandidat existing cocok pada tahun, nama, sub kegiatan, dan pagu efektif.; Nama ruas termuat lengkap pada nama paket/lokasi.",AVAILABLE
REKONSILIASI_APBDP_2026,154,2027,PLANNING,Perencanaan Pelebaran Ruas Jalan   Tanayung – Sp. Ambarai Kec. Padang Batung,0068 – Pelebaran Jalan Menuju   Standar,20000000,,08ff7d04-09c4-42a2-89b8-3bca74ff15bf,EXISTING,EXACT,ruas_075,Tanayung - Simpang Ambarai,1,exact_normalized,0.3788,"Kandidat existing cocok pada tahun, nama, sub kegiatan, dan pagu efektif.; Nama paket/lokasi dan nama ruas sama setelah normalisasi.",AVAILABLE
REKONSILIASI_APBDP_2026,155,2027,PLANNING,Perencanaan Pelebaran Ruas Jalan   Mandampa – Longawang Kec. Angkinang/Telaga Langsat (Lanjutan),0068 – Pelebaran Jalan Menuju   Standar,20000000,,00457f42-f405-4a78-a673-fe42c8351dfb,EXISTING,EXACT,ruas_114,Mandampa - Longawang,0.98,strong_containment,0.86,"Kandidat existing cocok pada tahun, nama, sub kegiatan, dan pagu efektif.; Nama ruas termuat lengkap pada nama paket/lokasi.",AVAILABLE
REKONSILIASI_APBDP_2026,156,2027,PLANNING,Perencanaan Pelebaran Ruas Jalan   Bamban Selatan – Pakuan Kec. Angkinang,0068 – Pelebaran Jalan Menuju   Standar,20000000,,0bec61bf-9a91-465a-9611-df1873df65bb,EXISTING,EXACT,ruas_107,Bamban Selatan - Pakuan,1,exact_normalized,0.7484,"Kandidat existing cocok pada tahun, nama, sub kegiatan, dan pagu efektif.; Nama paket/lokasi dan nama ruas sama setelah normalisasi.",AVAILABLE
REKONSILIASI_APBDP_2026,157,2027,PLANNING,Perencanaan Pelebaran Ruas Jalan   Longawang – Gumbil dan Gumbil – Masimpan Kec. Telaga Langsat,0068 – Pelebaran Jalan Menuju   Standar,80000000,,cc482248-02dd-4afa-a33d-22f59cff395a,EXISTING,REVIEW,,,,,0.98,"Kandidat existing cocok pada tahun, nama, sub kegiatan, dan pagu efektif.; Nama paket mengindikasikan lebih dari satu ruas; tidak memilih satu ruas secara otomatis.",AVAILABLE
REKONSILIASI_APBDP_2026,158,2027,PLANNING,Perencanaan Pelebaran Ruas Jalan   Hamak – Umbai Kec. Telaga Langsat,0068 – Pelebaran Jalan Menuju   Standar,20000000,,97efa5d9-28e5-4131-b8a9-5a792fe7ec8c,EXISTING,EXACT,ruas_245,Jl. Hamak - Umbai,1,exact_normalized,0.3517,"Kandidat existing cocok pada tahun, nama, sub kegiatan, dan pagu efektif.; Nama paket/lokasi dan nama ruas sama setelah normalisasi.",AVAILABLE
REKONSILIASI_APBDP_2026,159,2027,PLANNING,Perencanaan Pelebaran Ruas Jalan   Kacang Parang (Ulang) – Balai Wariung,0068 – Pelebaran Jalan Menuju   Standar,20000000,,effcad1e-eeca-411a-b2bc-b196f78a34a7,EXISTING,EXACT,ruas_239,Jl. Kacang Parang (Ulang) - Balai Wariung,1,exact_normalized,0.86,"Kandidat existing cocok pada tahun, nama, sub kegiatan, dan pagu efektif.; Nama paket/lokasi dan nama ruas sama setelah normalisasi.",AVAILABLE
REKONSILIASI_APBDP_2026,160,2027,PLANNING,Perencanaan Pelebaran Ruas Jalan   Sakincung – Desa Hakurung Dalam Kec. Daha Utara,0068 – Pelebaran Jalan Menuju   Standar,20000000,,2caa03f2-a67d-492e-af3a-2136581214e8,EXISTING,UNMATCHED,,,,,0.6449,"Kandidat existing cocok pada tahun, nama, sub kegiatan, dan pagu efektif.; Tidak ada kandidat jalan dengan skor minimal 0.70.",AVAILABLE
REKONSILIASI_APBDP_2026,162,2026,PHYSICAL,Pembangunan Ruas Jalan Balimau - Murung Dalam - Muning Dalam Kec. Kalumpang (Karya Bakti),0053,0,d67479b9-9ea2-42b4-a487-89a42594036b,,SKIPPED,SKIPPED_CANCELLED,,,,,,Ada di APBD Murni canonical dan tidak muncul pada kondisi akhir.,AVAILABLE
REKONSILIASI_APBDP_2026,163,2026,PHYSICAL,Pembangunan Ruas Jalan Loksado - Pantai Dusin Kec. Loksado,0053,0,d931e5c8-8fb8-49f7-b75d-6c553e19fc8d,,SKIPPED,SKIPPED_CANCELLED,,,,,,Ada di APBD Murni canonical dan tidak muncul pada kondisi akhir.,AVAILABLE
REKONSILIASI_APBDP_2026,164,2027,PLANNING,Perencanaan Usulan Teknis Jalan Tahun 2027,0059,0,be4c4dd9-8215-415d-a405-36a05093cd7d,,SKIPPED,SKIPPED_CANCELLED,,,,,,Paket planning generik Murni digantikan paket perencanaan rinci pada kondisi akhir.,AVAILABLE
REKONSILIASI_APBDP_2026,165,2026,PHYSICAL,Pembangunan Ruas Jalan Banua Hanyar - Tanjung Selor Kec. Daha Selatan (Karya Bakti),0053,0,68bbb080-a023-4df5-abb6-13d1c6bddecb,,SKIPPED,SKIPPED_CANCELLED,,,,,,Baseline canonical sudah Rp0; jejak pembatalan/inaktif.,AVAILABLE
